,title,directed_by,produced_by,starring,release_date,country,budget,box_office
0,The Birth of a Nation,['D. W. Griffith'],"['D. W. Griffith', 'Harry Aitken']","['Lillian Gish', 'Mae Marsh', 'Henry B. Walthall', 'Miriam Cooper', 'Ralph Lewis', 'George Siegmann', 'Walter Long']",1915,United States,100000,50000000
1,The Greatest Show on Earth,['Cecil B. DeMille'],['Cecil B. DeMille'],"['Betty Hutton', 'Cornel Wilde', 'Charlton Heston', 'Dorothy Lamour', 'Gloria Grahame', 'Henry Wilcoxon', 'Lyle Bettger', 'Lawrence Tierney', 'Emmett Kelly', 'Cucciola', 'Antoinette Concello', 'James Stewart']",1916,United States,4000000,36000000
2,This Is Cinerama,"['Mike Todd', 'Michael Todd, Jr.', 'Walter A. Thompson', 'Fred Rickey']","['Robert L. Bendick', 'Merian C. Cooper']",['Lowell Thomas'],1917,United States,1000000,41006000
3,Cinerama Holiday,"['Robert L. Bendick', 'Philippe De Lacy']",['Unknown'],"['Fred Troller', 'Beatrice Troller ', 'John Marsh', 'Betty Marsh']",1918,United States,1005000,29006000
4,The Robe,['Henry Koster'],['Frank Ross'],"['Richard Burton', 'Jean Simmons', 'Victor Mature', 'Michael Rennie', 'Jay Robinson', 'Dean Jagger', 'Torin Thatcher', 'Richard Boone', 'Betta St. John', 'Jeff Morrow', 'Ernest Thesiger', 'Dawn Addams', 'Leon Askin']",1919,United States,"[4001000, 4006000]",36000000
5,Quo Vadis,['Mervyn LeRoy'],['Sam Zimbalist'],"['Robert Taylor', 'Deborah Kerr', 'Leo Genn', 'Peter Ustinov']",1920,United States,7006000,21000000
6,"20,000 Leagues Under the Sea",['Richard Fleischer'],['Walt Disney'],"['Kirk Douglas', 'James Mason', 'Paul Lukas', 'Peter Lorre']",1921,United States,5000000,28002000
7,Rear Window (1954 film),['Alfred Hitchcock'],['Alfred Hitchcock'],"['James Stewart', 'Grace Kelly', 'Wendell Corey', 'Thelma Ritter', 'Raymond Burr']",1922,United States,1000000,37009000
8,Lady and the Tramp,"['Hamilton Luske', 'Clyde Geronimi', 'Wilfred Jackson']",['Walt Disney'],"['Peggy Lee', 'Barbara Luddy', 'Larry Roberts', 'Bill Thompson', 'Bill Baucom', 'Stan Freberg', 'Verna Felton', 'Alan Reed', 'George Givot', 'Dallas McKennon', 'Lee Millar', 'The Mellomen']",1923,United States,4000000,187000000
9,White Christmas,['Michael Curtiz'],['Robert Emmett Dolan'],"['Bing Crosby', 'Danny Kaye', 'Rosemary Clooney', 'Vera-Ellen', 'Dean Jagger']",1924,United States,2000000,30000000
10,Peter Pan,"['Hamilton Luske', 'Clyde Geronimi', 'Wilfred Jackson']",['Walt Disney'],"['Bobby Driscoll', 'Kathryn Beaumont', 'Hans Conried', 'Bill Thompson', 'Heather Angel', 'Paul Collins', 'Tommy Luske', 'Candy Candido', 'Tom Conway', 'Roland Dupreee', 'Don Barclay']",1925,United States,4000000,87004000
11,King Solomon's Mines,"['Compton Bennett', 'Andrew Marton']",['Sam Zimbalist'],"['Deborah Kerr', 'Stewart Granger', 'Richard Carlson']",1925,United States,2003000,15001000
12,The Snake Pit,['Anatole Litvak'],"['Robert Bassler', 'Anatole Litvak', 'Darryl F. Zanuck']","['Olivia de Havilland', 'Mark Stevens', 'Leo Genn', 'Celeste Holm']",1926,United States,3008000,10000000
13,Samson and Delilah,['Cecil B. DeMille'],['Cecil B. DeMille'],"['Hedy Lamarr', 'Victor Mature', 'George Sanders', 'Angela Lansbury', 'Henry Wilcoxon']",1927,United States,"[2009000, 3001000]",25006000
14,Inside Out 2,['Kelsey Mann'],['Mark Nielsen'],"['Amy Poehler', 'Maya Hawke', 'Kensington Tallman', 'Liza Lapira', 'Tony Hale', 'Lewis Black', 'Phyllis Smith', 'Ayo Edebiri', 'Lilimar', 'Grace Lu', 'Sumayyah Nuriddin-Green', 'Adèle Exarchopoulos', 'Diane Lane', 'Kyle MacLachlan', 'Paul Walter Hauser']",1928,United States,200000000,1699000000
15,The Red Shoes,"['Michael Powell', 'Emeric Pressburger']","['Michael Powell', 'Emeric Pressburger']","['Anton Walbrook', 'Marius Goring', 'Moira Shearer', 'Léonide Massine', 'Robert Helpmann', 'Albert Bassermann', 'Esmond Knight', 'Ludmilla Tchérina']",1929,United Kingdom,505600,5000000
16,Cinderella,"['Wilfred Jackson', 'Hamilton Luske', 'Clyde Geronimi']","['Walt Disney', 'Ben Sharpsteen']","['Ilene Woods', 'Eleanor Audley', 'Verna Felton', 'Rhoda Williams', 'James MacDonald', 'Luis van Rooten']",1929,United States,2002000,182000000
17,Avatar: The Way of Water,['James Cameron'],"['James Cameron', 'Jon Landau']","['Sam Worthington', 'Zoe Saldaña', 'Sigourney Weaver', 'Stephen Lang', 'Kate Winslet']",1930,United States,"[350000000, 460000000]",2320000000
18,Demon Slayer: Kimetsu no Yaiba – The Movie: Mugen Train,['Haruo Sotozaki'],"['Akifumi Fujio', 'Masanori Miyake', 'Yūma Takahashi']","['Natsuki Hanae', 'Akari Kitō', 'Yoshitsugu Matsuoka', 'Hiro Shimono', 'Satoshi Hino']",1931,Japan,15007000,507001000
19,Barbie,['Greta Gerwig'],"['David Heyman', 'Margot Robbie', 'Tom Ackerley', 'Robbie Brenner']","['Margot Robbie', 'Ryan Gosling', 'America Ferrera', 'Kate McKinnon', 'Issa Rae', 'Rhea Perlman', 'Will Ferrell']",1931,Unknown,"[128000000, 145000000]",1446000000
20,Spider-Man: No Way Home,['Jon Watts'],"['Kevin Feige', 'Amy Pascal']","['Tom Holland', 'Zendaya', 'Benedict Cumberbatch', 'Jacob Batalon', 'Jon Favreau', 'Jamie Foxx', 'Willem Dafoe', 'Alfred Molina', 'Benedict Wong', 'Tony Revolori', 'Marisa Tomei', 'Andrew Garfield', 'Tobey Maguire']",1932,United States,200000000,1923000000
21,Star Wars: The Last Jedi,['Rian Johnson'],"['Kathleen Kennedy', 'Ram Bergman']","['Mark Hamill', 'Carrie Fisher', 'Adam Driver', 'Daisy Ridley', 'John Boyega', 'Oscar Isaac', 'Andy Serkis', ""Lupita Nyong'o"", 'Domhnall Gleeson', 'Anthony Daniels', 'Gwendoline Christie', 'Kelly Marie Tran', 'Laura Dern', 'Benicio del Toro']",1933,United States,300000000,1334000000
22,Avengers: Infinity War,"['Anthony Russo', 'Joe Russo']",['Kevin Feige'],"['Robert Downey Jr.', 'Chris Hemsworth', 'Mark Ruffalo', 'Chris Evans', 'Scarlett Johansson', 'Benedict Cumberbatch', 'Don Cheadle', 'Tom Holland', 'Chadwick Boseman', 'Paul Bettany', 'Elizabeth Olsen', 'Anthony Mackie', 'Sebastian Stan', 'Danai Gurira', 'Letitia Wright', 'Dave Bautista', 'Zoe Saldaña', 'Josh Brolin', 'Chris Pratt']",1933,United States,"[325000000, 400000000]",2052000000
23,Avengers: Endgame,"['Anthony Russo', 'Joe Russo']",['Kevin Feige'],"['Robert Downey Jr.', 'Chris Evans', 'Mark Ruffalo', 'Chris Hemsworth', 'Scarlett Johansson', 'Jeremy Renner', 'Don Cheadle', 'Paul Rudd', 'Brie Larson', 'Karen Gillan', 'Danai Gurira', 'Benedict Wong', 'Jon Favreau', 'Bradley Cooper', 'Gwyneth Paltrow', 'Josh Brolin']",1933,United States,"[356000000, 400000000]",2799000000
24,Transformers: Age of Extinction,['Michael Bay'],"['Lorenzo di Bonaventura', 'Tom DeSanto', 'Don Murphy', 'Ian Bryce']","['Mark Wahlberg', 'Stanley Tucci']",1933,United States,210000000,1104000000
25,Star Wars: The Force Awakens,['J. J. Abrams'],"['Kathleen Kennedy', 'J. J. Abrams', 'Bryan Burk']","['Harrison Ford', 'Mark Hamill', 'Carrie Fisher', 'Adam Driver', 'Daisy Ridley', 'John Boyega', 'Oscar Isaac', ""Lupita Nyong'o"", 'Andy Serkis', 'Domhnall Gleeson', 'Anthony Daniels', 'Peter Mayhew', 'Max von Sydow']",1934,United States,"[447000000, 533000000]",2007000000
26,Captain America: Civil War,"['Anthony Russo', 'Joe Russo']",['Kevin Feige'],"['Chris Evans', 'Robert Downey Jr.', 'Scarlett Johansson', 'Sebastian Stan', 'Anthony Mackie', 'Don Cheadle', 'Jeremy Renner', 'Chadwick Boseman', 'Paul Bettany', 'Elizabeth Olsen', 'Paul Rudd', 'Emily VanCamp', 'Marisa Tomei', 'Tom Holland', 'Frank Grillo', 'Martin Freeman', 'William Hurt', 'Daniel Brühl']",1934,United States,250000000,1155000000
27,Frozen,"['Chris Buck', 'Jennifer Lee']",['Peter Del Vecho'],"['Kristen Bell', 'Idina Menzel', 'Jonathan Groff', 'Josh Gad', 'Santino Fontana']",1935,United States,150000000,1280000000
28,Toy Story 3,['Lee Unkrich'],['Darla K. Anderson'],"['Tom Hanks', 'Tim Allen', 'Joan Cusack', 'Don Rickles', 'Wallace Shawn', 'John Ratzenberger', 'Estelle Harris', 'Ned Beatty', 'Michael Keaton', 'Jodi Benson', 'John Morris']",1936,United States,200000000,1067000000
29,Harry Potter ,['David Yates'],"['David Heyman', 'David Barron', 'J. K. Rowling']","['Daniel Radcliffe', 'Rupert Grint', 'Emma Watson', 'Helena Bonham Carter', 'Robbie Coltrane', 'Warwick Davis', 'Ralph Fiennes', 'Michael Gambon', 'John Hurt', 'Jason Isaacs', 'Gary Oldman', 'Alan Rickman', 'Maggie Smith', 'David Thewlis', 'Julie Walters']",1937,Unknown,"[250000000, 1000000]",1342000000
30,The Avengers,['Joss Whedon'],['Kevin Feige'],"['Robert Downey Jr.', 'Chris Evans', 'Mark Ruffalo', 'Chris Hemsworth', 'Scarlett Johansson', 'Jeremy Renner', 'Tom Hiddleston', 'Stellan Skarsgård', 'Samuel L. Jackson']",1938,United States,"[220000000, 225000000]",1521000000
31,Shrek 2,"['Andrew Adamson', 'Kelly Asbury', 'Conrad Vernon']","['Aron Warner', 'David Lipman', 'John H. Williams']","['Mike Myers', 'Eddie Murphy', 'Cameron Diaz', 'Julie Andrews', 'Antonio Banderas', 'John Cleese', 'Rupert Everett', 'Jennifer Saunders']",1939,United States,150000000,935005000
32,Pirates of the Caribbean:,['Gore Verbinski'],['Jerry Bruckheimer'],"['Johnny Depp', 'Orlando Bloom', 'Keira Knightley', 'Stellan Skarsgård', 'Bill Nighy', 'Chow Yun-fat', 'Geoffrey Rush', 'Jack Davenport', 'Kevin R. McNally', 'Jonathan Pryce']",1940,United States,300000000,963004000
33,Pirates of the Caribbean: ,['Gore Verbinski'],['Jerry Bruckheimer'],"['Johnny Depp', 'Orlando Bloom', 'Keira Knightley', 'Stellan Skarsgård', 'Bill Nighy', 'Jack Davenport', 'Kevin R. McNally', 'Jonathan Pryce']",1940,United States,225000000,1066000000
34,Harry Potter ,['Mike Newell'],['David Heyman'],"['Daniel Radcliffe', 'Rupert Grint', 'Emma Watson', 'Robbie Coltrane', 'Ralph Fiennes', 'Michael Gambon', 'Brendan Gleeson', 'Jason Isaacs', 'Gary Oldman', 'Alan Rickman', 'Maggie Smith', 'Timothy Spall']",1941,Unknown,150000000,897005000
35,The Lord of the Rings:,['Peter Jackson'],"['Barrie M. Osborne', 'Fran Walsh', 'Peter Jackson']","['Elijah Wood', 'Ian McKellen', 'Liv Tyler', 'Viggo Mortensen', 'Sean Astin', 'Cate Blanchett', 'John Rhys-Davies', 'Bernard Hill', 'Billy Boyd', 'Dominic Monaghan', 'Orlando Bloom', 'Hugo Weaving', 'Miranda Otto', 'David Wenham', 'Karl Urban', 'John Noble', 'Andy Serkis', 'Ian Holm', 'Sean Bean']",1942,Unknown,94000000,1151000000
36,The Dark Knight,['Christopher Nolan'],"['Emma Thomas', 'Charles Roven', 'Christopher Nolan']","['Christian Bale', 'Michael Caine', 'Heath Ledger', 'Gary Oldman', 'Aaron Eckhart', 'Maggie Gyllenhaal', 'Morgan Freeman']",1942,Unknown,185000000,1006000000
37,Avatar,['James Cameron'],"['James Cameron', 'Jon Landau']","['Sam Worthington', 'Zoe Saldana', 'Stephen Lang', 'Michelle Rodriguez', 'Sigourney Weaver']",1943,Unknown,237000000,2923000000
38,Mission: Impossible 2,['John Woo'],"['Tom Cruise', 'Paula Wagner']","['Tom Cruise', 'Dougray Scott', 'Thandiwe Newton', 'Richard Roxburgh', 'John Polson', 'Brendan Gleeson', 'Rade Šerbedžija', 'Ving Rhames']",1943,Unknown,"[120000000, 125000000]",546003000
39,Armageddon,['Michael Bay'],"['Jerry Bruckheimer', 'Gale Anne Hurd', 'Michael Bay']","['Bruce Willis', 'Billy Bob Thornton', 'Liv Tyler', 'Ben Affleck', 'Will Patton', 'Peter Stormare', 'Keith David', 'Steve Buscemi']",1944,United States,140000000,553007000
40,The Lord of the Rings:,['Peter Jackson'],"['Barrie M. Osborne', 'Fran Walsh', 'Peter Jackson']","['Elijah Wood', 'Ian McKellen', 'Liv Tyler', 'Viggo Mortensen', 'Sean Astin', 'Cate Blanchett', 'John Rhys-Davies', 'Bernard Hill', 'Christopher Lee', 'Billy Boyd', 'Dominic Monaghan', 'Orlando Bloom', 'Hugo Weaving', 'Miranda Otto', 'David Wenham', 'Brad Dourif', 'Karl Urban', 'Andy Serkis']",1945,Unknown,94000000,951006000
41,Harry Potter ,['Chris Columbus'],['David Heyman'],"['Daniel Radcliffe', 'Rupert Grint', 'Emma Watson', 'John Cleese', 'Robbie Coltrane', 'Warwick Davis', 'Richard Griffiths', 'Richard Harris', 'Ian Hart', 'John Hurt', 'Alan Rickman', 'Fiona Shaw', 'Maggie Smith', 'Julie Walters']",1945,Unknown,125000000,1026000000
42,Star Wars: Episode I –,['George Lucas'],['Rick McCallum'],"['Liam Neeson', 'Ewan McGregor', 'Natalie Portman', 'Jake Lloyd', 'Ian McDiarmid', 'Anthony Daniels', 'Kenny Baker', 'Pernilla August', 'Frank Oz']",1946,United States,115000000,1047000000
43,Titanic,['James Cameron'],"['James Cameron', 'Jon Landau']","['Leonardo DiCaprio', 'Kate Winslet', 'Billy Zane', 'Kathy Bates', 'Frances Fisher', 'Bernard Hill', 'Jonathan Hyde', 'Danny Nucci', 'David Warner', 'Bill Paxton']",1946,United States,200000000,2264000000
44,Die Hard with a Vengeance,['John McTiernan'],"['John McTiernan', 'Michael Tadross']","['Bruce Willis', 'Jeremy Irons', 'Samuel L. Jackson', 'Graham Greene', 'Colleen Camp', 'Larry Bryggman', 'Sam Phillips']",1946,United States,90000000,366001000
45,Independence Day,['Roland Emmerich'],['Dean Devlin'],"['Will Smith', 'Bill Pullman', 'Jeff Goldblum', 'Mary McDonnell', 'Judd Hirsch', 'Margaret Colin', 'Randy Quaid', 'Robert Loggia', 'James Rebhorn', 'Harvey Fierstein']",1947,United States,75000000,817004000
46,Toy Story,['John Lasseter'],"['Bonnie Arnold', 'Ralph Guggenheim']","['Tom Hanks', 'Tim Allen', 'Annie Potts', 'John Ratzenberger', 'Don Rickles', 'Wallace Shawn', 'Jim Varney']",1947,United States,30000000,394004000
47,The Lion King,"['Roger Allers', 'Rob Minkoff']",['Don Hahn'],"['Jonathan Taylor Thomas', 'Matthew Broderick', 'James Earl Jones', 'Jeremy Irons', 'Moira Kelly', 'Niketa Calame', 'Ernie Sabella', 'Nathan Lane', 'Robert Guillaume', 'Rowan Atkinson', 'Whoopi Goldberg', 'Cheech Marin', 'Jim Cummings', 'Madge Sinclair']",1948,United States,45000000,978008000
48,Ghost,['Jerry Zucker'],['Lisa Weinstein'],"['Patrick Swayze', 'Demi Moore', 'Whoopi Goldberg', 'Tony Goldwyn']",1948,United States,"[22000000, 23000000]",505007000
49,Fatal Attraction,['Adrian Lyne'],"['Stanley R. Jaffe', 'Sherry Lansing']","['Michael Douglas', 'Glenn Close', 'Anne Archer']",1948,United States,14000000,320001000
50,Rain Man,['Barry Levinson'],['Mark Johnson'],"['Dustin Hoffman', 'Tom Cruise', 'Valeria Golino']",1949,United States,25000000,"[354008000, 943000000]"
51,Aladdin,"['John Musker', 'Ron Clements']","['John Musker', 'Ron Clements']","['Scott Weinger', 'Robin Williams', 'Linda Larkin', 'Jonathan Freeman', 'Frank Welker', 'Gilbert Gottfried', 'Douglas Seale']",1950,United States,28000000,504001000
52,Indiana Jones and the Last Crusade,['Steven Spielberg'],['Robert Watts'],"['Harrison Ford', 'Denholm Elliott', 'Alison Doody', 'John Rhys-Davies', 'Julian Glover', 'Sean Connery']",1950,United States,48000000,474002000
53,Terminator 2: Judgment Day,['James Cameron'],['James Cameron'],"['Arnold Schwarzenegger', 'Linda Hamilton', 'Robert Patrick']",1951,United States,"[94000000, 102000000]",519000000
54,Jurassic Park,['Steven Spielberg'],"['Kathleen Kennedy', 'Gerald R. Molen']","['Sam Neill', 'Laura Dern', 'Jeff Goldblum', 'Richard Attenborough', 'Bob Peck', 'Martin Ferrero', 'BD Wong', 'Samuel L. Jackson', 'Wayne Knight', 'Joseph Mazzello', 'Ariana Richards']",1952,United States,63000000,1058000000
55,Top Gun,['Tony Scott'],"['Don Simpson', 'Jerry Bruckheimer']","['Tom Cruise', 'Kelly McGillis', 'Val Kilmer', 'Anthony Edwards', 'Tom Skerritt']",1952,United States,15000000,357003000
56,Return of the Jedi,['Richard Marquand'],['Howard Kazanjian'],"['Mark Hamill', 'Harrison Ford', 'Carrie Fisher', 'Billy Dee Williams', 'Anthony Daniels', 'David Prowse', 'Kenny Baker', 'Peter Mayhew', 'Frank Oz']",1953,United States,"[32005000, 42007000]",482000000
57,Ghostbusters,['Ivan Reitman'],['Ivan Reitman'],"['Bill Murray', 'Dan Aykroyd', 'Sigourney Weaver', 'Harold Ramis', 'Rick Moranis']",1953,United States,"[25000000, 30000000]",370000000
58,Back to the Future,['Robert Zemeckis'],"['Bob Gale', 'Neil Canton']","['Michael J. Fox', 'Christopher Lloyd', 'Lea Thompson', 'Crispin Glover']",1954,United States,19000000,388008000
59,Rocky II,['Sylvester Stallone'],"['Irwin Winkler', 'Robert Chartoff']","['Sylvester Stallone', 'Talia Shire', 'Burt Young', 'Carl Weathers', 'Burgess Meredith']",1954,United States,7000000,200001000
60,E.T. the Extra-Terrestrial,['Steven Spielberg'],"['Kathleen Kennedy', 'Steven Spielberg']","['Dee Wallace', 'Henry Thomas', 'Peter Coyote', 'Robert MacNaughton', 'Drew Barrymore']",1954,United States,10005000,797003000
61,Grease,['Randal Kleiser'],"['Robert Stigwood', 'Allan Carr']","['John Travolta', 'Olivia Newton-John', 'Stockard Channing', 'Eve Arden', 'Frankie Avalon', 'Joan Blondell', 'Edd Byrnes', 'Sid Caesar', 'Alice Ghostley', 'Dody Goodman', 'Sha Na Na']",1955,United States,6000000,396003000
62,Moonraker,['Lewis Gilbert'],['Albert R. Broccoli'],"['Roger Moore', 'Lois Chiles', 'Michael Lonsdale', 'Richard Kiel', 'Corinne Cléry']",1955,Unknown,34000000,210003000
63,The Empire Strikes Back,['Irvin Kershner'],['Gary Kurtz'],"['Mark Hamill', 'Harrison Ford', 'Carrie Fisher', 'Billy Dee Williams', 'Anthony Daniels', 'David Prowse', 'Kenny Baker', 'Peter Mayhew', 'Frank Oz']",1955,United States,30005000,538000000
64,Raiders of the Lost Ark,['Steven Spielberg'],['Frank Marshall'],"['Harrison Ford', 'Karen Allen', 'Paul Freeman', 'Ronald Lacey', 'John Rhys-Davies', 'Denholm Elliott']",1956,United States,20000000,389009000
65,The Towering Inferno,"['John Guillermin', 'Irwin Allen']",['Irwin Allen'],"['Steve McQueen', 'Paul Newman', 'William Holden', 'Faye Dunaway', 'Fred Astaire', 'Susan Blakely', 'Richard Chamberlain', 'Jennifer Jones', 'O. J. Simpson', 'Robert Vaughn', 'Robert Wagner']",1957,United States,14000000,203003000
66,The Sting,['George Roy Hill'],"['Tony Bill', 'Michael Phillips', 'Julia Phillips']","['Paul Newman', 'Robert Redford', 'Robert Shaw']",1958,United States,5005000,257000000
67,Rocky,['John G. Avildsen'],"['Irwin Winkler', 'Robert Chartoff']","['Sylvester Stallone', 'Talia Shire', 'Burt Young', 'Carl Weathers', 'Burgess Meredith']",1959,United States,1100000,225000000
68,Star Wars,['George Lucas'],['Gary Kurtz'],"['Mark Hamill', 'Harrison Ford', 'Carrie Fisher', 'Peter Cushing', 'Alec Guinness']",1960,United States,11000000,775004000
69,The Exorcist,['William Friedkin'],['William Peter Blatty'],"['Ellen Burstyn', 'Max von Sydow', 'Lee J. Cobb', 'Kitty Winn', 'Jack MacGowran', 'Jason Miller', 'Linda Blair']",1960,United States,12000000,441003000
70,Jaws,['Steven Spielberg'],"['Richard D. Zanuck', 'David Brown']","['Roy Scheider', 'Robert Shaw', 'Richard Dreyfuss', 'Lorraine Gary', 'Murray Hamilton']",1960,United States,9000000,476005000
71,Fiddler on the Roof,['Norman Jewison'],['Norman Jewison'],"['Topol', 'Norma Crane', 'Leonard Frey', 'Molly Picon', 'Paul Mann']",1961,United States,9000000,83003000
72,The French Connection,['William Friedkin'],"[""Philip D'Antoni""]","['Gene Hackman', 'Fernando Rey', 'Roy Scheider', 'Tony Lo Bianco', 'Marcel Bozzuffi']",1961,United States,"[1008000, 2002000]",75000000
73,Diamonds Are Forever,['Guy Hamilton'],"['Harry Saltzman', 'Albert R. Broccoli']","['Sean Connery', 'Jill St. John', 'Charles Gray', 'Lana Wood', 'Jimmy Dean', 'Bruce Cabot']",1962,Unknown,7002000,116000000
74,Love Story,['Arthur Hiller'],['Howard G. Minsky'],"['Ali MacGraw', ""Ryan O'Neal"", 'John Marley', 'Ray Milland']",1962,United States,2002000,173004000
75,The Godfather,['Francis Ford Coppola'],['Albert S. Ruddy'],"['Marlon Brando', 'Al Pacino', 'James Caan', 'Richard Castellano', 'Robert Duvall', 'Sterling Hayden', 'John Marley', 'Richard Conte', 'Diane Keaton']",1962,United States,"[6000000, 7000000]",250000000
76,Funny Girl,['William Wyler'],['Ray Stark'],"['Barbra Streisand', 'Omar Sharif', 'Kay Medford', 'Anne Francis', 'Walter Pidgeon']",1963,United States,14001000,58005000
77,Butch Cassidy and the Sundance Kid,['George Roy Hill'],['John Foreman'],"['Paul Newman', 'Robert Redford', 'Katharine Ross', 'Strother Martin', 'Jeff Corey', 'Henry Jones']",1963,United States,6000000,102003000
78,Hawaii,['George Roy Hill'],['Walter Mirisch'],"['Julie Andrews', 'Max von Sydow', 'Richard Harris']",1964,United States,15000000,34005000
79,The Graduate,['Mike Nichols'],['Lawrence Turman'],"['Anne Bancroft', 'Dustin Hoffman', 'Katharine Ross']",1964,United States,3000000,"[104009000, 85000000]"
80,The Jungle Book,['Wolfgang Reitherman'],['Walt Disney'],"['Phil Harris', 'Sebastian Cabot', 'Louis Prima', 'George Sanders', 'Sterling Holloway']",1964,United States,4000000,378000000
81,Who's Afraid of Virginia Woolf?,['Mike Nichols'],['Ernest Lehman'],"['Elizabeth Taylor', 'Richard Burton', 'George Segal', 'Sandy Dennis']",1965,United States,7005000,33007000
82,2001: A Space Odyssey,['Stanley Kubrick'],['Stanley Kubrick'],"['Keir Dullea', 'Gary Lockwood']",1966,Unknown,10005000,146000000
83,The Bible...In the Beginning,['John Huston'],['Dino De Laurentiis'],"['Michael Parks', 'Ulla Bergryd', 'Richard Harris', 'John Huston', 'Stephen Boyd', 'George C. Scott', 'Ava Gardner', ""Peter O'Toole"", 'Zoe Sallis', 'Gabriele Ferzetti', 'Eleonora Rossi Drago']",1966,Unknown,"[15000000, 18000000]",34009000
84,From Russia with Love,['Terence Young'],"['Harry Saltzman', 'Albert R. Broccoli']","['Sean Connery', 'Pedro Armendáriz', 'Lotte Lenya', 'Robert Shaw', 'Bernard Lee', 'Daniela Bianchi']",1966,Unknown,2000000,79000000
85,Mary Poppins,['Robert Stevenson'],['Walt Disney'],"['Julie Andrews', 'Dick Van Dyke', 'David Tomlinson', 'Glynis Johns', 'Hermione Baddeley', 'Karen Dotrice', 'Matthew Garber', 'Elsa Lanchester', 'Arthur Treacher', 'Reginald Owen', 'Ed Wynn']",1967,United States,"[4004000, 6000000]",103001000
86,The Sound of Music,['Robert Wise'],['Robert Wise'],"['Julie Andrews', 'Christopher Plummer', 'Richard Haydn', 'Peggy Wood', 'Charmian Carr', 'Eleanor Parker']",1967,United States,8002000,286002000
87,Goldfinger,['Guy Hamilton'],"['Harry Saltzman', 'Albert R. Broccoli']","['Sean Connery', 'Honor Blackman', 'Gert Fröbe', 'Shirley Eaton', 'Tania Mallet', 'Harold Sakata']",1968,Unknown,3000000,125000000
88,My Fair Lady,['George Cukor'],['Jack L. Warner'],"['Audrey Hepburn', 'Rex Harrison', 'Stanley Holloway', 'Wilfrid Hyde-White', 'Gladys Cooper', 'Jeremy Brett', 'Theodore Bikel']",1968,United States,17000000,72007000
89,Cleopatra,['Joseph L. Mankiewicz'],['Walter Wanger'],"['Elizabeth Taylor', 'Richard Burton', 'Rex Harrison', 'Pamela Brown', 'George Cole', 'Hume Cronyn', 'Cesare Danova', 'Kenneth Haigh', 'Roddy McDowall']",1969,United States,31001000,"[57008000, 40003000]"
90,Swiss Family Robinson,['Ken Annakin'],"['Bill Anderson', 'Basil Keys', 'Walt Disney']","['John Mills', 'Dorothy McGuire', 'James MacArthur', 'Janet Munro', 'Sessue Hayakawa', 'Tommy Kirk', 'Kevin Corcoran', 'Cecil Parker', 'Andy Ho', 'Milton Reid', 'Larry Taylor']",1970,United States,5000000,40000000
91,West Side Story,"['Robert Wise', 'Jerome Robbins']",['Robert Wise'],"['Natalie Wood', 'Richard Beymer', 'Russ Tamblyn', 'Rita Moreno', 'George Chakiris']",1971,United States,6075000,44001000
92,Psycho,['Alfred Hitchcock'],['Alfred Hitchcock'],"['Anthony Perkins', 'Vera Miles', 'John Gavin', 'Martin Balsam', 'John McIntire', 'Janet Leigh']",1971,United States,806947,50000000
93,Spartacus,['Stanley Kubrick'],['Edward Lewis'],"['Kirk Douglas', 'Laurence Olivier', 'Jean Simmons', 'Charles Laughton', 'Peter Ustinov', 'John Gavin', 'Tony Curtis']",1971,United States,12000000,60000000
94,How the West Was Won,"['Henry Hathaway', 'John Ford', 'George Marshall']",['Bernard Smith'],"['Carroll Baker', 'Lee J. Cobb', 'Henry Fonda', 'Carolyn Jones', 'Karl Malden', 'Gregory Peck', 'George Peppard', 'Robert Preston', 'Debbie Reynolds', 'James Stewart', 'Eli Wallach', 'John Wayne', 'Richard Widmark', 'Brigid Bazlen', 'Walter Brennan', 'David Brian', 'Andy Devine', 'Raymond Massey', 'Agnes Moorehead', 'Henry (Harry) Morgan', 'Thelma Ritter', 'Mickey Shaughnessy', 'Russ Tamblyn']",1972,United States,14483000,50000000
95,One Hundred and One Dalmatians,"['Wolfgang Reitherman', 'Hamilton Luske', 'Clyde Geronimi']",['Walt Disney'],"['Rod Taylor', 'Cate Bauer', 'Betty Lou Gerson', 'Ben Wright', 'Lisa Davis', 'Martha Wentworth']",1973,United States,"[3006000, 4000000]",303000000
96,Lawrence of Arabia,['David Lean'],['Sam Spiegel'],"['Alec Guinness', 'Anthony Quinn', 'Jack Hawkins', 'José Ferrer', 'Anthony Quayle', 'Claude Rains', 'Arthur Kennedy', 'Omar Sharif', ""Peter O'Toole""]",1973,Unknown,15000000,70000000
97,The Longest Day,"['British & French:', 'Ken Annakin', 'American:', 'Andrew Marton', 'German:', 'Bernhard Wicki']",['Darryl F. Zanuck'],"['John Wayne', 'Henry Fonda', 'Robert Mitchum', 'Sean Connery', 'Eddie Albert', 'Curd Jürgens', 'Richard Todd', 'Richard Burton', 'Peter Lawford', 'Rod Steiger', 'Irina Demick', 'Gert Fröbe', ""Edmond O'Brien"", 'Kenneth More']",1974,United States,7075000,50001000
98,Easter Parade,['Charles Walters'],['Arthur Freed'],"['Judy Garland', 'Fred Astaire', 'Peter Lawford', 'Ann Miller']",1975,United States,2655000,6008000
99,Forever Amber,"['Otto Preminger', 'John M. Stahl']",['William Perlberg'],"['Linda Darnell', 'Cornel Wilde', 'Richard Greene', 'George Sanders']",1976,United States,6004000,5000000
100,South Pacific,['Joshua Logan'],['Buddy Adler'],"['Rossano Brazzi', 'Mitzi Gaynor', 'John Kerr', 'France Nuyen', 'Ray Walston', 'Juanita Hall']",1977,United States,5061000,17005000
101,The Bridge on the River Kwai,['David Lean'],['Sam Spiegel'],"['William Holden', 'Alec Guinness', 'Jack Hawkins', 'Sessue Hayakawa', 'James Donald', 'Ann Sears', 'Geoffrey Horne']",1978,Unknown,"[2008000, 29000000]","[30006000, 319000000]"
102,Duel in the Sun,['King Vidor'],['David O. Selznick'],"['Jennifer Jones', 'Joseph Cotten', 'Gregory Peck']",1979,United States,6048000,20004000
103,The Ten Commandments,['Cecil B. DeMille'],['Cecil B. DeMille'],"['Charlton Heston', 'Yul Brynner', 'Anne Baxter', 'Edward G. Robinson', 'Yvonne De Carlo', 'Debra Paget', 'John Derek', 'Sir Cedric Hardwicke', 'Nina Foch', 'Martha Scott', 'Judith Anderson', 'Vincent Price']",1979,United States,13000000,122007000
104,Mister Roberts,"['John Ford', 'Mervyn LeRoy', 'Joshua Logan']",['Leland Hayward'],"['Henry Fonda', 'James Cagney', 'William Powell', 'Jack Lemmon']",1980,United States,2003000,21002000
105,Unconquered,['Cecil B. DeMille'],['Cecil B. DeMille'],"['Gary Cooper', 'Paulette Goddard', 'Howard da Silva', 'Boris Karloff', 'Cecil Kellaway', 'Ward Bond']",1981,United States,4371593,6665592
106,Ben-Hur,['William Wyler'],['Sam Zimbalist'],"['Charlton Heston', 'Jack Hawkins', 'Haya Harareet', 'Stephen Boyd', 'Hugh Griffith', 'Martha Scott', ""Cathy O'Donnell"", 'Sam Jaffe']",1982,United States,15002000,146009000
107,The Best Years of Our Lives,['William Wyler'],['Samuel Goldwyn'],"['Myrna Loy', 'Fredric March', 'Dana Andrews', 'Teresa Wright', 'Virginia Mayo']",1983,United States,"[2001000, 3000000]",23007000
108,Song of the South,"['Live action:', 'Harve Foster', 'Animation:', 'Wilfred Jackson']","['Walt Disney', 'Perce Pearce']","['Ruth Warrick', 'Lucile Watson', 'Hattie McDaniel', 'James Baskett', 'Bobby Driscoll', 'Luana Patten']",1984,United States,2125000,65000000
109,For Whom the Bell Tolls,['Sam Wood'],['Sam Wood'],"['Gary Cooper', 'Ingrid Bergman', 'Akim Tamiroff', 'Katina Paxinou', 'Joseph Calleia']",1985,United States,3000000,17008000
110,Going My Way,['Leo McCarey'],['Leo McCarey'],"['Bing Crosby', 'Barry Fitzgerald', 'Frank McHugh', 'James Brown', 'Jean Heather', 'Gene Lockhart', 'Porter Hall', 'Fortunio Bonanova', 'Risë Stevens']",1986,United States,0,6005000
111,Mom and Dad,['William Beaudine'],"['Kroger Babb', 'J. S. Jossey']","['Hardie Albright', 'Lois Austin', 'George Eldredge', 'June Carlson', 'Jimmy Clark', 'Bob Lowell']",1987,United States,67001000,40000000
112,This Is the Army,"['Michael Curtiz', 'Dialogue directors:', 'Hugh Cummings', 'Edward A. Blatt']","['Jack L. Warner', 'Hal B. Wallis']","['George Murphy', 'Joan Leslie', 'Ronald Reagan', 'George Tobias', 'Alan Hale']",1988,United States,1870000,10445000
113,The Bells of St. Mary's,['Leo McCarey'],['Leo McCarey'],"['Bing Crosby', 'Ingrid Bergman', 'Henry Travers', 'William Gargan', 'Ruth Donnelly', 'Joan Carroll', 'Martha Sleeper', 'Rhys Williams', 'Dick Tyler', ""Una O'Connor""]",1989,United States,1003000,21003000
114,Mrs. Miniver,['William Wyler'],['Sidney Franklin'],"['Greer Garson', 'Walter Pidgeon', 'Teresa Wright', 'May Whitty', 'Reginald Owen', 'Henry Travers', 'Richard Ney', 'Henry Wilcoxon']",1990,United States,1034000,8009000
115,Sergeant York,['Howard Hawks'],"['Howard Hawks', 'Jesse L. Lasky', 'Hal B. Wallis']","['Gary Cooper', 'Walter Brennan', 'Joan Leslie']",1991,United States,1007000,8003000
116,Bambi,"['Supervising Director', 'David D. Hand', 'Sequence Director', 'James Algar', 'Bill Roberts', 'Norman Wright', 'Sam Armstrong', 'Paul Satterfield', 'Graham Heid']",['Walt Disney'],['Unknown'],1992,United States,858000,267004000
117,Pinocchio,"['Supervising Directors', 'Ben Sharpsteen', 'Hamilton Luske', 'Sequence Directors', 'Bill Roberts', 'Norman Ferguson', 'Jack Kinney', 'Wilfred Jackson', 'T. Hee']",['Walt Disney'],"['Cliff Edwards', 'Dickie Jones', 'Christian Rub', 'Walter Catlett', 'Charles Judels', 'Evelyn Venable', 'Frankie Darro']",1993,United States,2006000,164000000
118,Boom Town,['Jack Conway'],['Sam Zimbalist'],"['Clark Gable', 'Spencer Tracy', 'Claudette Colbert', 'Hedy Lamarr']",1994,United States,1006000,5000000
119,You Can't Take It with You,['Frank Capra'],['Frank Capra'],"['Jean Arthur', 'Lionel Barrymore', 'James Stewart', 'Edward Arnold']",1995,United States,1644736,"[2137575, 5295526]"
120,Gone with the Wind,['Victor Fleming'],['David O. Selznick'],"['Clark Gable', 'Vivien Leigh', 'Leslie Howard', 'Olivia de Havilland']",1995,United States,3085000,390000000
121,Mutiny on the Bounty,['Frank Lloyd'],"['Frank Lloyd', 'Irving Thalberg']","['Charles Laughton', 'Clark Gable', 'Franchot Tone', 'Movita Castaneda', 'Mamo Clark']",1996,United States,1950000,4460000
122,Snow White and the Seven Dwarfs,"['Supervising Directors', 'David Hand', 'Sequence Directors', 'Perce Pearce', 'William Cottrell', 'Larry Morey', 'Wilfred Jackson', 'Ben Sharpsteen']",['Walt Disney'],['Unknown'],1997,United States,1005000,418000000
123,The Merry Widow,['Ernst Lubitsch'],"['Irving Thalberg', 'Ernst Lubitsch']","['Maurice Chevalier', 'Jeanette MacDonald']",1998,United States,1605000,2008000
124,She Done Him Wrong,['Lowell Sherman'],['William LeBaron'],"['Mae West', 'Cary Grant', 'Owen Moore', 'Gilbert Roland', 'Noah Beery Sr.']",1999,United States,200000,2002000
125,Cavalcade,['Frank Lloyd'],"['Frank Lloyd', 'Winfield R. Sheehan']","['Diana Wynyard', 'Clive Brook', ""Una O'Connor"", 'Irene Browne', 'Herbert Mundin', 'Frank Lawton', 'Merle Tottenham', 'Beryl Mercer']",2000,United States,1180280,"[1004000, 3005000]"
126,San Francisco,['W. S. Van Dyke'],"['John Emerson', 'Bernard H. Hyman']","['Clark Gable', 'Jeanette MacDonald', 'Spencer Tracy', 'Jack Holt', 'Jessie Ralph', 'Ted Healy']",2001,United States,1003000,5003000
127,I'm No Angel,['Wesley Ruggles'],['William LeBaron'],"['Mae West', 'Cary Grant', 'Gregory Ratoff', 'Edward Arnold', 'Ralf Harolde']",2002,United States,225000,2250000
128,It Happened One Night,['Frank Capra'],"['Frank Capra', 'Harry Cohn']","['Clark Gable', 'Claudette Colbert']",2003,United States,325000,2005000
129,City Lights,['Charlie Chaplin'],['Charlie Chaplin'],"['Charlie Chaplin', 'Virginia Cherrill', 'Florence Lee', 'Harry Myers', 'Al Ernest Garcia']",2004,United States,1005000,4025000
130,The Sign of the Cross,['Cecil B. DeMille'],['Cecil B. DeMille'],"['Fredric March', 'Elissa Landi', 'Claudette Colbert', 'Charles Laughton']",2005,United States,694065,2738993
131,Frankenstein,['James Whale'],['Carl Laemmle Jr.'],"['Colin Clive', 'Mae Clarke', 'John Boles', 'Boris Karloff', 'Dwight Frye', 'Edward Van Sloan', 'Frederick Kerr']",2006,United States,262007,12000000
132,All Quiet on the Western Front,['Lewis Milestone'],['Carl Laemmle'],"['Lew Ayres', 'Louis Wolheim']",2007,United States,1002000,3000000
133,King Kong,"['Merian C. Cooper', 'Ernest B. Schoedsack']","['Merian C. Cooper', 'Ernest B. Schoedsack']","['Fay Wray', 'Robert Armstrong', 'Bruce Cabot']",2008,United States,67225475,10001781
134,The Broadway Melody,['Harry Beaumont'],"['Irving Thalberg', 'Lawrence Weingarten']","['Charles King', 'Anita Page', 'Bessie Love']",2009,United States,379000,4004000
135,Wings,['William A. Wellman'],"['Lucien Hubbard', 'Adolph Zukor', 'Jesse L. Lasky', 'B.P. Schulberg', 'Otto Hermann Kahn']","['Clara Bow', 'Charles ""Buddy"" Rogers', 'Richard Arlen', 'Jobyna Ralston']",2010,United States,2000000,3008000
136,The Singing Fool,['Lloyd Bacon'],['Unknown'],['Al Jolson'],2011,United States,388000,5916000
137,Ben-Hur: A Tale of the Christ,"['Fred Niblo', 'Uncredited:', 'Charles Brabin']","['June Mathis', 'Louis B. Mayer', 'Irving Thalberg']","['Ramon Novarro', 'May McAvoy', 'Betty Bronson', 'Francis X. Bushman', 'Carmel Myers']",2012,United States,4000000,10007000
138,For Heaven's Sake,['Sam Taylor'],['Harold Lloyd'],"['Harold Lloyd', 'Jobyna Ralston']",2013,United States,0,2006000
139,Sunny Side Up,['David Butler'],['William Fox'],"['Janet Gaynor', 'Charles Farrell']",2014,United States,0,2019000
140,The Big Parade,['King Vidor'],"['King Vidor', 'Irving Thalberg']","['John Gilbert', 'Renée Adorée', 'Hobart Bosworth', ""Tom O'Brien"", 'Karl Dane']",2015,United States,382000,18000000
141,The Sea Hawk,['Frank Lloyd'],['Frank Lloyd'],"['Milton Sills', 'Enid Bennett', 'Lloyd Hughes', 'Wallace MacDonald', 'Marc McDermott', 'Wallace Beery']",2016,United States,800000,2000000
142,Douglas Fairbanks in Robin Hood,['Allan Dwan'],['Douglas Fairbanks'],"['Douglas Fairbanks', 'Wallace Beery', 'Sam De Grasse', 'Enid Bennett', 'Alan Hale']",2017,United States,930000,2500000
143,Way Down East,['D. W. Griffith'],['D. W. Griffith'],"['Lillian Gish', 'Richard Barthelmess', 'Lowell Sherman', 'Burr McIntosh']",2018,United States,"[800000, 635000]",7500000
144,The Covered Wagon,['James Cruze'],['Jesse L. Lasky'],"['J. Warren Kerrigan', 'Lois Wilson']",2019,United States,"[782000, 336000]",4000000
145,Cleopatra,['J. Gordon Edwards'],['William Fox'],"['Theda Bara', 'Fritz Leiber Sr.', 'Thurston Hall']",2020,United States,"[250000, 500000]",1000000
146,The Miracle Man,['George Loane Tucker'],['George Loane Tucker'],"['Thomas Meighan', 'Betty Compson', 'Lon Chaney', 'Joseph J. Dowling', 'J.M. Dumont', 'Lawson Butt', '(*uncredited)']",2021,United States,120000,"[1000000, 2000000]"
147,The Four Horsemen of the Apocalypse,['Rex Ingram'],['Rex Ingram'],"['Pomeroy Cannon', 'Josef Swickard', 'Bridgetta Clark', 'Rudolph Valentino', 'Wallace Beery', 'Alice Terry']",2022,United States,"[800000, 1000000]","[9002000, 4000000]"
148,Mickey,"['F. Richard Jones', 'James Young']","['Mabel Normand', 'Mack Sennett']",['Mabel Normand'],2023,United States,250000,16450000
149,Intolerance,['D. W. Griffith'],['D. W. Griffith'],"['Vera Lewis', 'Ralph Lewis', 'Mae Marsh', 'Robert Harron', 'Constance Talmadge', 'Lillian Gish', 'Josephine Crowell', 'Margery Wilson', 'Frank Bennett', 'Elmer Clifton', 'Miriam Cooper', 'Alfred Paget']",2024,United States,385907,1075000
